@Member_Id,DisplayAs,ListAs,Glasses,HairColour,HairLength,FacialHair,ICCode,Speaker
172,Ms Diane Abbott,"Abbott, Ms Diane",TRUE,Black,Medium,,3,
4212,Debbie Abrahams,"Abrahams, Debbie",FALSE,Black,Medium,,1,
4057,Nigel Adams,"Adams, Nigel",FALSE,Brown,Short,,1,
4639,Bim Afolami,"Afolami, Bim",FALSE,Black,Short,,3,
1586,Adam Afriyie,"Afriyie, Adam",FALSE,Grey,Short,,3,
4841,Imran Ahmad Khan,"Ahmad Khan, Imran",FALSE,Brown,Short,,4,
4741,Nickie Aiken,"Aiken, Nickie",FALSE,Blonde,Short,,1,
4069,Peter Aldous,"Aldous, Peter",TRUE,Grey,Short,,1,
4138,Rushanara Ali,"Ali, Rushanara",FALSE,Black,Long,,4,
4747,Tahir Ali,"Ali, Tahir",TRUE,Grey,Short,,4,
4411,Lucy Allan,"Allan, Lucy",FALSE,Brown,Medium,,1,
4573,Dr Rosena Allin-Khan,"Allin-Khan, Dr Rosena",FALSE,Brown,Long,,4,
4667,Mike Amesbury,"Amesbury, Mike",FALSE,Grey,Short,,1,
4788,Fleur Anderson,"Anderson, Fleur",FALSE,Brown,Medium,,1,
4743,Lee Anderson,"Anderson, Lee",FALSE,Grey,Short,,1,
4742,Stuart Anderson,"Anderson, Stuart",FALSE,Brown,Short,,1,
4032,Stuart Andrew,"Andrew, Stuart",FALSE,Grey,Short,,1,
4512,Caroline Ansell,"Ansell, Caroline",FALSE,Brown,Long,,1,
4623,Tonia Antoniazzi,"Antoniazzi, Tonia",FALSE,Black,Short,,1,
4362,Edward Argar,"Argar, Edward",FALSE,Grey,Short,,1,
4244,Jonathan Ashworth,"Ashworth, Jonathan",FALSE,Grey,Short,,1,
4855,Sarah Atherton,"Atherton, Sarah",FALSE,Red,Long,,1,
4399,Victoria Atkins,"Atkins, Victoria",FALSE,Brown,Medium,,1,
4798,Gareth Bacon,"Bacon, Gareth",FALSE,Grey,Short,,1,
1451,Mr Richard Bacon,"Bacon, Mr Richard",FALSE,Grey,Short,,1,
4597,Kemi Badenoch,"Badenoch, Kemi",FALSE,Black,Long,,3,
4757,Shaun Bailey,"Bailey, Shaun",FALSE,Brown,Short,,1,
4847,Siobhan Baillie,"Baillie, Siobhan",FALSE,Blonde,Medium,,1,
4784,Duncan Baker,"Baker, Duncan",TRUE,Brown,Short,,1,
4064,Mr Steve Baker,"Baker, Mr Steve",TRUE,Brown,Short,,1,
4107,Harriett Baldwin,"Baldwin, Harriett",FALSE,Blonde,Medium,,1,
4095,Steve Barclay,"Barclay, Steve",FALSE,Grey,Short,,1,
4486,Hannah Bardell,"Bardell, Hannah",FALSE,Brown,Short,,1,
4828,Paula Barker,"Barker, Paula",FALSE,Red,Medium,,1,
1390,Mr John Baron,"Baron, Mr John",TRUE,Grey,Short,,1,
4800,Simon Baynes,"Baynes, Simon",FALSE,Grey,Short,,1,
328,Margaret Beckett,"Beckett, Margaret",FALSE,Grey,Short,,1,
4697,Órfhlaith Begley,"Begley, Órfhlaith",,,,,,
4790,Apsana Begum,"Begum, Apsana",FALSE,Headscarf,Headscarf,,4,
4837,Aaron Bell,"Bell, Aaron",FALSE,Brown,Short,,1,
413,Hilary Benn,"Benn, Hilary",TRUE,Grey,Short,,1,
4793,Scott Benton,"Benton, Scott",FALSE,Brown,Short,,1,
103,Sir Paul Beresford,"Beresford, Sir Paul",FALSE,Grey,Short,,1,
4060,Jake Berry,"Berry, Jake",FALSE,Brown,Short,,1,
394,Mr Clive Betts,"Betts, Mr Clive",FALSE,Grey,Short,,1,
4818,Saqib Bhatti,"Bhatti, Saqib",FALSE,Brown,Short,Stubble,4,
4421,Mhairi Black,"Black, Mhairi",FALSE,Brown,Medium,,1,
4390,Ian Blackford,"Blackford, Ian",FALSE,Grey,Short,,1,
4005,Bob Blackman,"Blackman, Bob",FALSE,Grey,Short,,1,
4357,Kirsty Blackman,"Blackman, Kirsty",FALSE,Brown,Short,,1,
4864,Olivia Blake,"Blake, Olivia",FALSE,Blonde,Medium,,1,
4058,Paul Blomfield,"Blomfield, Paul",FALSE,Brown,Short,,1,
104,Crispin Blunt,"Blunt, Crispin",TRUE,Grey,Short,Stubble,1,
1581,Mr Peter Bone,"Bone, Mr Peter",TRUE,Grey,Short,,1,
4748,Steven Bonnar,"Bonnar, Steven",FALSE,Brown,Short,Stubble,1,
117,Sir Peter Bottomley,"Bottomley, Sir Peter",TRUE,Grey,Short,,1,
4601,Andrew Bowie,"Bowie, Andrew",FALSE,Brown,Short,,1,
4663,Ben Bradley,"Bradley, Ben",FALSE,Brown,Short,Stubble,1,
4110,Karen Bradley,"Bradley, Karen",FALSE,Blonde,Medium,,1,
230,Mr Ben Bradshaw,"Bradshaw, Mr Ben",FALSE,Grey,Short,,1,
435,Sir Graham Brady,"Brady, Sir Graham",FALSE,Brown,Short,,1,
4373,Mickey Brady,"Brady, Mickey",,,,,,
4475,Suella Braverman,"Braverman, Suella",FALSE,Brown,Medium,,4,
1400,Kevin Brennan,"Brennan, Kevin",TRUE,Brown,Short,,1,
4643,Jack Brereton,"Brereton, Jack",TRUE,Brown,Short,,1,
4133,Andrew Bridgen,"Bridgen, Andrew",FALSE,Brown,Short,,1,
4067,Steve Brine,"Brine, Steve",FALSE,Brown,Short,,1,
4792,Paul Bristow,"Bristow, Paul",FALSE,Blonde,Short,,1,
4838,Sara Britcliffe,"Britcliffe, Sara",FALSE,Blonde,Long,,1,
4417,Deidre Brock,"Brock, Deidre",TRUE,Red,Medium,,1,
4470,Alan Brown,"Brown, Alan",FALSE,Grey,Short,,1,
1583,Ms Lyn Brown,"Brown, Ms Lyn",FALSE,Brown,Medium,,1,
523,Mr Nicholas Brown,"Brown, Mr Nicholas",FALSE,Grey,Short,,1,
4801,Anthony Browne,"Browne, Anthony",FALSE,Brown,Short,,1,
3958,Fiona Bruce,"Bruce, Fiona",FALSE,Blonde,Medium,,1,
1446,Chris Bryant,"Bryant, Chris",FALSE,Grey,Short,,1,
4821,Felicity Buchan,"Buchan, Felicity",FALSE,Blonde,Medium,,1,
199,Ms Karen Buck,"Buck, Ms Karen",FALSE,Grey,Short,,1,
4106,Sir Robert Buckland,"Buckland, Sir Robert",TRUE,Blonde,Medium,,1,
4613,Alex Burghart,"Burghart, Alex",FALSE,Brown,Short,,1,
4493,Richard Burgon,"Burgon, Richard",FALSE,Brown,Short,,1,
3922,Conor Burns,"Burns, Conor",FALSE,Grey,Short,,1,
1489,Dawn Butler,"Butler, Dawn",FALSE,Brown,Long,,3,
4745,Rob Butler,"Butler, Rob",FALSE,Grey,Short,,1,
4831,Ian Byrne,"Byrne, Ian",FALSE,Brown,Short,,1,
1171,Liam Byrne,"Byrne, Liam",FALSE,No Hair,No Hair,Beard,1,
4389,Ruth Cadbury,"Cadbury, Ruth",FALSE,Grey,Medium,,1,
4086,Alun Cairns,"Cairns, Alun",FALSE,Brown,Short,,1,
4770,Amy Callaghan,"Callaghan, Amy",FALSE,Blonde,Long,,1,
4412,Dr Lisa Cameron,"Cameron, Dr Lisa",FALSE,Blonde,Long,,1,
529,Sir Alan Campbell,"Campbell, Sir Alan",TRUE,Grey,Short,,1,
1409,Mr Gregory Campbell,"Campbell, Mr Gregory",FALSE,Grey,Short,,1,
4651,Dan Carden,"Carden, Dan",FALSE,Brown,Short,,1,
1442,Mr Alistair Carmichael,"Carmichael, Mr Alistair",FALSE,Grey,Short,,1,
4791,Andy Carter,"Carter, Andy",FALSE,Brown,Short,Stubble,1,
4519,James Cartlidge,"Cartlidge, James",FALSE,Grey,Short,,1,
288,Sir William Cash,"Cash, Sir William",TRUE,Grey,Short,,1,
4865,Miriam Cates,"Cates, Miriam",FALSE,Blonde,Long,,1,
4492,Maria Caulfield,"Caulfield, Maria",FALSE,Blonde,Long,,1,
4481,Alex Chalk,"Chalk, Alex",FALSE,Brown,Short,,1,
4765,Wendy Chamberlain,"Chamberlain, Wendy",FALSE,Brown,Long,,1,
4267,Sarah Champion,"Champion, Sarah",FALSE,Brown,Medium,,1,
4402,Douglas Chapman,"Chapman, Douglas",TRUE,Grey,Short,,1,
4610,Bambos Charalambous,"Charalambous, Bambos",FALSE,Grey,Short,,1,
4419,Joanna Cherry,"Cherry, Joanna",TRUE,Blonde,Short,,1,
3987,Rehman Chishti,"Chishti, Rehman",FALSE,Brown,Short,,4,
242,Sir Christopher Chope,"Chope, Sir Christopher",FALSE,Grey,Short,,1,
4380,Jo Churchill,"Churchill, Jo",FALSE,Brown,Short,,1,
4822,Feryal Clark,"Clark, Feryal",FALSE,Brown,Long,,,
1578,Greg Clark,"Clark, Greg",TRUE,Brown,Short,,,
4655,Mr Simon Clarke,"Clarke, Mr Simon",TRUE,Brown,Short,,1,
4819,Theo Clarke,"Clarke, Theo",FALSE,Brown,Long,,1,
4756,Brendan Clarke-Smith,"Clarke-Smith, Brendan",FALSE,Brown,Short,,1,
4835,Chris Clarkson,"Clarkson, Chris",TRUE,Brown,Short,,,
4366,James Cleverly,"Cleverly, James",TRUE,Brown,Short,,,
249,Sir Geoffrey Clifton-Brown,"Clifton-Brown, Sir Geoffrey",TRUE,Grey,Short,,,
4098,Dr Thérèse Coffey,"Coffey, Dr Thérèse",TRUE,Grey,Medium,,,
4775,Elliot Colburn,"Colburn, Elliot",FALSE,Brown,Short,Stubble,,
3986,Damian Collins,"Collins, Damian",FALSE,Brown,Short,,,
4769,Daisy Cooper,"Cooper, Daisy",FALSE,Grey,Short,,,
1538,Rosie Cooper,"Cooper, Rosie",TRUE,Red,Medium,,,
420,Yvette Cooper,"Cooper, Yvette",FALSE,Grey,Short,,,
185,Jeremy Corbyn,"Corbyn, Jeremy",FALSE,Grey,Short,Beard,,
4439,Alberto Costa,"Costa, Alberto",FALSE,Brown,Short,,,
4589,Robert Courts,"Courts, Robert",TRUE,Brown,Short,,,
4806,Claire Coutinho,"Coutinho, Claire",FALSE,Brown,Medium,,,
4465,Ronnie Cowan,"Cowan, Ronnie",TRUE,Brown,Short,Goatee,,
1508,Sir Geoffrey Cox,"Cox, Sir Geoffrey",FALSE,Grey,Short,,,
4368,Neil Coyle,"Coyle, Neil",FALSE,Brown,Short,,,
1554,Stephen Crabb,"Crabb, Stephen",FALSE,Brown,Short,Beard,,
4469,Angela Crawley,"Crawley, Angela",FALSE,Brown,Long,,,
4088,Stella Creasy,"Creasy, Stella",FALSE,Blonde,Short,,,
4859,Virginia Crosbie,"Crosbie, Virginia",FALSE,Blonde,Long,,,
3950,Tracey Crouch,"Crouch, Tracey",FALSE,Brown,Short,,,
1406,Jon Cruddas,"Cruddas, Jon",FALSE,Brown,Short,,,
181,John Cryer,"Cryer, John",TRUE,Grey,Short,,,
4391,Judith Cummins,"Cummins, Judith",FALSE,Red,Medium,,,
4122,Alex Cunningham,"Cunningham, Alex",FALSE,Grey,Short,Stubble,,
4698,Janet Daby,"Daby, Janet",FALSE,Black,Medium,,,
4854,James Daly,"Daly, James",FALSE,Brown,Short,Beard,,
188,Ed Davey,"Davey, Ed",FALSE,Grey,Short,,,
1398,Wayne David,"David, Wayne",FALSE,Grey,Short,,,
1545,David T C Davies,"Davies, David T C",FALSE,Brown,Short,,,
4850,Gareth Davies,"Davies, Gareth",FALSE,Brown,Short,,,
155,Geraint Davies,"Davies, Geraint",FALSE,No Hair,Short,,,
4476,Dr James Davies,"Davies, Dr James",FALSE,Brown,Short,,,
4513,Mims Davies,"Davies, Mims",FALSE,Blonde,Long,,,
1565,Philip Davies,"Davies, Philip",FALSE,Grey,Short,,,
4849,Alex Davies-Jones,"Davies-Jones, Alex",FALSE,Blonde,Long,,,
373,Mr David Davis,"Davis, Mr David",FALSE,Grey,Short,,,
4737,Dehenna Davison,"Davison, Dehenna",FALSE,Blonde,Medium,,,
4488,Martyn Day,"Day, Martyn",FALSE,Grey,Short,Beard,,
4676,Marsha De Cordova,"De Cordova, Marsha",FALSE,Black,Long,,,
4433,Thangam Debbonaire,"Debbonaire, Thangam",TRUE,Black,Short,,,
4638,Mr Tanmanjeet Singh Dhesi,"Dhesi, Mr Tanmanjeet Singh",FALSE,Turban,Turban,Beard,,
4008,Dame Caroline Dinenage,"Dinenage, Dame Caroline",FALSE,Blonde,Medium,,,
4816,Miss Sarah Dines,"Dines, Miss Sarah",FALSE,Blonde,Medium,,,
1425,Mr Jonathan Djanogly,"Djanogly, Mr Jonathan",FALSE,Brown,Short,,,
4600,Leo Docherty,"Docherty, Leo",FALSE,No Hair,No Hair,Beard,,
4374,Martin Docherty-Hughes,"Docherty-Hughes, Martin",TRUE,No Hair,No Hair,,,
4657,Anneliese Dodds,"Dodds, Anneliese",FALSE,Brown,Medium,,,
650,Sir Jeffrey M Donaldson,"Donaldson, Sir Jeffrey M",TRUE,Grey,Short,,,
4530,Michelle Donelan,"Donelan, Michelle",FALSE,Brown,Long,,,
4736,Dave Doogan,"Doogan, Dave",FALSE,Brown,Short,,,
4740,Allan Dorans,"Dorans, Allan",FALSE,Grey,Short,,,
1481,Ms Nadine Dorries,"Dorries, Ms Nadine",FALSE,Blonde,Long,,,
4452,Steve Double,"Double, Steve",TRUE,Grey,Short,,,
4264,Stephen Doughty,"Doughty, Stephen",FALSE,Brown,Short,,,
4397,Peter Dowd,"Dowd, Peter",TRUE,Grey,Short,,,
4441,Oliver Dowden,"Dowden, Oliver",FALSE,Blonde,Short,,,
4065,Jackie Doyle-Price,"Doyle-Price, Jackie",FALSE,Blonde,Short,,,
4132,Richard Drax,"Drax, Richard",FALSE,Grey,Short,,,
4459,Mrs Flick Drummond,"Drummond, Mrs Flick",FALSE,Grey,Short,,,
1559,James Duddridge,"Duddridge, James",TRUE,Brown,Short,,,
4616,Rosie Duffield,"Duffield, Rosie",FALSE,Grey,Medium,,,
4606,David Duguid,"Duguid, David",FALSE,Brown,Short,Beard,,
152,Sir Iain Duncan Smith,"Duncan Smith, Sir Iain",FALSE,No Hair,No Hair,,,
1542,Philip Dunne,"Dunne, Philip",FALSE,Brown,Short,,,
491,Dame Angela Eagle,"Eagle, Dame Angela",FALSE,Blonde,Short,,,
483,Maria Eagle,"Eagle, Maria",FALSE,Brown,Short,,,
4846,Colum Eastwood,"Eastwood, Colum",FALSE,Brown,Short,Beard,,
4807,Mark Eastwood,"Eastwood, Mark",FALSE,No Hair,No Hair,,,
3943,Jonathan Edwards,"Edwards, Jonathan",FALSE,Brown,Short,,,
4808,Ruth Edwards,"Edwards, Ruth",FALSE,Brown,Medium,,,
165,Clive Efford,"Efford, Clive",FALSE,Grey,Short,Stubble,,
4127,Julie Elliott,"Elliott, Julie",FALSE,Black,Long,,,
4116,Michael Ellis,"Ellis, Michael",TRUE,Brown,Short,,,
1487,Mr Tobias Ellwood,"Ellwood, Mr Tobias",TRUE,Blonde,Short,,,
4572,Chris Elmore,"Elmore, Chris",TRUE,Brown,Short,Stubble,,
4795,Mrs Natalie Elphicke,"Elphicke, Mrs Natalie",FALSE,Blonde,Medium,,,
4870,Florence Eshalomi,"Eshalomi, Florence",FALSE,Black,Long,,,
4061,Bill Esterson,"Esterson, Bill",FALSE,Grey,Short,,,
3934,George Eustice,"Eustice, George",FALSE,Brown,Short,,,
4040,Chris Evans,"Evans, Chris",FALSE,Brown,Short,,,
4781,Dr Luke Evans,"Evans, Dr Luke",FALSE,Brown,Short,,,
474,Mr Nigel Evans,"Evans, Mr Nigel",FALSE,Grey,Short,,,Second Deputy Chairman of Ways and Means
1198,Sir David Evennett,"Evennett, Sir David",FALSE,Grey,Short,,,
4836,Ben Everitt,"Everitt, Ben",FALSE,Brown,Short,,,
280,Michael Fabricant,"Fabricant, Michael",FALSE,Blonde,Medium,,,
4826,Laura Farris,"Farris, Laura",FALSE,Blonde,Long,,,
1591,Tim Farron,"Farron, Tim",FALSE,Blonde,Short,,,
4856,Stephen Farry,"Farry, Stephen",TRUE,Grey,Short,,,
4744,Simon Fell,"Fell, Simon",TRUE,Grey,Short,,,
4440,Marion Fellows,"Fellows, Marion",TRUE,Brown,Short,,,
4386,Margaret Ferrier,"Ferrier, Margaret",FALSE,Brown,Long,,,
4823,John Finucane,"Finucane, John",,,,,,
4936,Anna Firth,"Firth, Anna",FALSE,Blonde,Medium,,,
4378,Colleen Fletcher,"Fletcher, Colleen",FALSE,Brown,Short,,,
4834,Katherine Fletcher,"Fletcher, Katherine",FALSE,Blonde,Medium,,,
4774,Mark Fletcher,"Fletcher, Mark",TRUE,Brown,Short,,,
4832,Nick Fletcher,"Fletcher, Nick",FALSE,Brown,Short,,,
4735,Stephen Flynn,"Flynn, Stephen",FALSE,Brown,Short,,,
4674,Vicky Ford,"Ford, Vicky",FALSE,Blonde,Medium,,,
4451,Kevin Foster,"Foster, Kevin",FALSE,Brown,Short,,,
4034,Yvonne Fovargue,"Fovargue, Yvonne",FALSE,Red,Medium,,,
223,Dr Liam Fox,"Fox, Dr Liam",FALSE,Grey,Medium,,,
4491,Vicky Foxcroft,"Foxcroft, Vicky",FALSE,Brown,Short,,,
4753,Mary Kelly Foy,"Foy, Mary Kelly",FALSE,Brown,Medium,,,
1444,Mr Mark Francois,"Francois, Mr Mark",TRUE,Grey,Short,,,
4517,Lucy Frazer,"Frazer, Lucy",FALSE,Blonde,Long,,,
4020,George Freeman,"Freeman, George",FALSE,Black,Short,Stubble,,
4004,Mike Freer,"Freer, Mike",FALSE,Brown,Short,,,
4932,Mr Louie French,"French, Mr Louie",FALSE,Brown,Short,,,
3912,Richard Fuller,"Fuller, Richard",FALSE,Grey,Short,Goatee,,
4571,Gill Furniss,"Furniss, Gill",TRUE,Grey,Medium,,,
4446,Mr Marcus Fysh,"Fysh, Mr Marcus",FALSE,Brown,Short,,,
87,Sir Roger Gale,"Gale, Sir Roger",FALSE,Grey,Short,,,
146,Barry Gardiner,"Gardiner, Barry",FALSE,Grey,Short,,,
4074,Mark Garnier,"Garnier, Mark",FALSE,Grey,Short,,,
4460,Ms Nusrat Ghani,"Ghani, Ms Nusrat",FALSE,Brown,Long,,,
111,Nick Gibb,"Gibb, Nick",FALSE,No Hair,Short,,,
4435,Patricia Gibson,"Gibson, Patricia",TRUE,Brown,Medium,,,
4754,Peter Gibson,"Gibson, Peter",TRUE,Brown,Short,,,
4817,Jo Gideon,"Gideon, Jo",FALSE,Brown,Medium,,,
1416,Michelle Gildernew,"Gildernew, Michelle",FALSE,Brown,Medium,,,
4603,Preet Kaur Gill,"Gill, Preet Kaur",FALSE,Brown,Long,,,
4633,Paul Girvan,"Girvan, Paul",FALSE,Grey,Short,,,
4051,John Glen,"Glen, John",FALSE,Brown,Short,,,
4126,Mary Glindon,"Glindon, Mary",FALSE,Blonde,Medium,,,
1562,Sir Robert Goodwill,"Goodwill, Sir Robert",FALSE,Grey,Short,,,
1571,Michael Gove,"Gove, Michael",TRUE,Grey,Short,,,
4432,Patrick Grady,"Grady, Patrick",FALSE,No Hair,No Hair,,,
3990,Richard Graham,"Graham, Richard",FALSE,Grey,Short,,,
4018,Mrs Helen Grant,"Grant, Mrs Helen",FALSE,Brown,Long,,,
4466,Peter Grant,"Grant, Peter",FALSE,Brown,Short,,,
261,James Gray,"Gray, James",FALSE,Grey,Short,,,
1413,Chris Grayling,"Grayling, Chris",FALSE,No Hair,No Hair,,,
4398,Chris Green,"Green, Chris",FALSE,Brown,Short,,,
76,Damian Green,"Green, Damian",FALSE,No Hair,No Hair,,,
4120,Kate Green,"Green, Kate",FALSE,Grey,Short,,,
4918,Sarah Green,"Green, Sarah",FALSE,Black,Long,,,
4029,Lilian Greenwood,"Greenwood, Lilian",FALSE,Grey,Short,,,
4400,Margaret Greenwood,"Greenwood, Margaret",FALSE,Grey,Short,,,
4874,Andrew Griffith,"Griffith, Andrew",FALSE,No Hair,No Hair,,,
1541,Nia Griffith,"Griffith, Nia",FALSE,Black,Short,,,
4773,Kate Griffiths,"Griffiths, Kate",FALSE,Red,Long,,,
4843,James Grundy,"Grundy, James",FALSE,Grey,Short,,,
4814,Jonathan Gullis,"Gullis, Jonathan",FALSE,Brown,Short,Stubble,,
1506,Andrew Gwynne,"Gwynne, Andrew",TRUE,Brown,Short,,,
4473,Louise Haigh,"Haigh, Louise",FALSE,Red,Long,,,
3985,Robert Halfon,"Halfon, Robert",FALSE,Grey,Short,,,
4450,Luke Hall,"Hall, Luke",FALSE,Brown,Short,,,
415,Fabian Hamilton,"Hamilton, Fabian",FALSE,Grey,Short,Beard,,
1585,Stephen Hammond,"Hammond, Stephen",FALSE,Brown,Short,,,
4070,Matt Hancock,"Hancock, Matt",FALSE,Brown,Short,,,
1526,Greg Hands,"Hands, Greg",FALSE,Brown,Short,,,
4827,Claire Hanna,"Hanna, Claire",FALSE,Brown,Medium,,,
4782,Neale Hanvey,"Hanvey, Neale",FALSE,No Hair,No Hair,,,
4645,Emma Hardy,"Hardy, Emma",FALSE,Red,Short,,,
150,Ms Harriet Harman,"Harman, Ms Harriet",FALSE,Red,Short,,,
1520,Mr Mark Harper,"Harper, Mr Mark",FALSE,Brown,Short,,,
4480,Carolyn Harris,"Harris, Carolyn",TRUE,Lilac,Short,,,
3948,Rebecca Harris,"Harris, Rebecca",TRUE,Brown,Long,,,
4593,Trudy Harrison,"Harrison, Trudy",FALSE,Brown,Long,,,
4842,Sally-Ann Hart,"Hart, Sally-Ann",FALSE,Blonde,Medium,,,
3944,Simon Hart,"Hart, Simon",FALSE,Grey,Short,,,
4510,Helen Hayes,"Hayes, Helen",FALSE,Blonde,Medium,,,
350,Sir John Hayes,"Hayes, Sir John",FALSE,Grey,Short,,,
4636,Chris Hazzard,"Hazzard, Chris",,,,,,
69,Sir Oliver Heald,"Heald, Sir Oliver",FALSE,Grey,Short,,,
400,John Healey,"Healey, John",FALSE,No Hair,No Hair,,,
4528,James Heappey,"Heappey, James",FALSE,Brown,Short,,,
3977,Chris Heaton-Harris,"Heaton-Harris, Chris",FALSE,Grey,Short,,,
4050,Gordon Henderson,"Henderson, Gordon",FALSE,Grey,Short,,,
473,Sir Mark Hendrick,"Hendrick, Sir Mark",TRUE,No Hair,No Hair,,,
4467,Drew Hendry,"Hendry, Drew",FALSE,Grey,Short,,,
4794,Darren Henry,"Henry, Darren",TRUE,Brown,Short,,,
4833,Antony Higginbotham,"Higginbotham, Antony",FALSE,Brown,Short,Stubble,,
1524,Dame Meg Hillier,"Hillier, Dame Meg",TRUE,Brown,Medium,,,
3969,Damian Hinds,"Hinds, Damian",FALSE,Grey,Short,,,
4494,Simon Hoare,"Hoare, Simon",FALSE,Grey,Short,,,
4602,Wera Hobhouse,"Hobhouse, Wera",FALSE,Blonde,Medium,,,
140,Dame Margaret Hodge,"Hodge, Dame Margaret",FALSE,Blonde,Short,,,
1521,Mrs Sharon Hodgson,"Hodgson, Mrs Sharon",FALSE,Blonde,Medium,,,
4813,Mr Richard Holden,"Holden, Mr Richard",FALSE,Brown,Short,,,
4363,Kate Hollern,"Hollern, Kate",TRUE,Brown,Medium,,,
4474,Kevin Hollinrake,"Hollinrake, Kevin",FALSE,Brown,Short,,,
1537,Mr Philip Hollobone,"Hollobone, Mr Philip",FALSE,Grey,Short,,,
1522,Adam Holloway,"Holloway, Adam",FALSE,Grey,Short,,,
4803,Paul Holmes,"Holmes, Paul",FALSE,Brown,Short,,,
4873,Rachel Hopkins,"Hopkins, Rachel",FALSE,Brown,Medium,,,
1514,Stewart Hosie,"Hosie, Stewart",TRUE,Grey,Short,Stubble,,
481,Sir George Howarth,"Howarth, Sir George",TRUE,Blonde,Short,Beard,,
1606,John Howell,"Howell, John",TRUE,Brown,Short,,,
4830,Paul Howell,"Howell, Paul",TRUE,Grey,Short,,,
467,Sir Lindsay Hoyle,"Hoyle, Sir Lindsay",FALSE,Grey,Short,,,Speaker
4407,Nigel Huddleston,"Huddleston, Nigel",FALSE,Brown,Short,,,
4853,Dr Neil Hudson,"Hudson, Dr Neil",FALSE,Brown,Short,,,
4635,Eddie Hughes,"Hughes, Eddie",FALSE,Brown,Short,Stubble,,
4839,Jane Hunt,"Hunt, Jane",FALSE,Blonde,Medium,,,
1572,Jeremy Hunt,"Hunt, Jeremy",FALSE,Brown,Short,,,
4771,Tom Hunt,"Hunt, Tom",FALSE,Brown,Short,,,
4511,Dr Rupa Huq,"Huq, Dr Rupa",FALSE,Brown,Long,,,
4394,Imran Hussain,"Hussain, Imran",FALSE,Black,Short,,,
4619,Mr Alister Jack,"Jack, Mr Alister",FALSE,Brown,Short,,,
4634,Christine Jardine,"Jardine, Christine",FALSE,Blonde,Medium,,,
4243,Dan Jarvis,"Jarvis, Dan",FALSE,Grey,Short,,,
3945,Sajid Javid,"Javid, Sajid",FALSE,No Hair,No Hair,,,
4498,Mr Ranil Jayawardena,"Jayawardena, Mr Ranil",TRUE,Brown,Short,,,
40,Sir Bernard Jenkin,"Jenkin, Sir Bernard",TRUE,Brown,Short,,,
4752,Mark Jenkinson,"Jenkinson, Mark",FALSE,Brown,Short,Stubble,,
4490,Andrea Jenkyns,"Jenkyns, Andrea",FALSE,Blonde,Medium,,,
4320,Robert Jenrick,"Jenrick, Robert",FALSE,Brown,Short,,,
1423,Boris Johnson,"Johnson, Boris",FALSE,Blonde,Short,,,
4592,Dr Caroline Johnson,"Johnson, Dr Caroline",TRUE,Brown,Long,,,
1533,Dame Diana Johnson,"Johnson, Dame Diana",FALSE,Brown,Long,,,
3970,Gareth Johnson,"Johnson, Gareth",FALSE,Grey,Short,,,
4824,Kim Johnson,"Johnson, Kim",FALSE,Blonde,Long,,,
4761,David Johnston,"Johnston, David",FALSE,Brown,Short,,,
3996,Andrew Jones,"Jones, Andrew",FALSE,Grey,Short,,,
4621,Darren Jones,"Jones, Darren",TRUE,Grey,Short,,,
1502,Mr David Jones,"Jones, Mr David",FALSE,Brown,Short,,,
4763,Fay Jones,"Jones, Fay",TRUE,Brown,Medium,,,
4501,Gerald Jones,"Jones, Gerald",FALSE,Brown,Short,,,
1438,Mr Kevan Jones,"Jones, Mr Kevan",FALSE,Grey,Short,,,
4024,Mr Marcus Jones,"Jones, Mr Marcus",TRUE,Brown,Short,,,
4716,Ruth Jones,"Jones, Ruth",FALSE,Grey,Medium,,,
4631,Sarah Jones,"Jones, Sarah",FALSE,Blonde,Medium,,,
4862,Simon Jupp,"Jupp, Simon",FALSE,Brown,Short,Stubble,,
4316,Mike Kane,"Kane, Mike",FALSE,Grey,Short,,,
1566,Daniel Kawczynski,"Kawczynski, Daniel",TRUE,Grey,Short,,,
4805,Alicia Kearns,"Kearns, Alicia",FALSE,Brown,Long,,,
4680,Gillian Keegan,"Keegan, Gillian",FALSE,Brown,Long,,,
1588,Barbara Keeley,"Keeley, Barbara",FALSE,Grey,Medium,,,
4026,Liz Kendall,"Kendall, Liz",FALSE,Brown,Long,,,
4671,Afzal Khan,"Khan, Afzal",FALSE,Brown,Short,Beard,,
4359,Stephen Kinnock,"Kinnock, Stephen",FALSE,No Hair,No Hair,Stubble,,
1200,Sir Greg Knight,"Knight, Sir Greg",FALSE,Grey,Short,,,
4410,Julian Knight,"Knight, Julian",TRUE,Grey,Short,,,
4858,Danny Kruger,"Kruger, Danny",FALSE,Grey,Short,,,
4134,Kwasi Kwarteng,"Kwarteng, Kwasi",TRUE,Black,Short,,,
4505,Peter Kyle,"Kyle, Peter",FALSE,Brown,Short,,,
36,Dame Eleanor Laing,"Laing, Dame Eleanor",FALSE,Blonde,Long,,,Chairman of Ways and Means
4630,Ben Lake,"Lake, Ben",FALSE,Grey,Short,,,
206,Mr David Lammy,"Lammy, Mr David",FALSE,No Hair,No Hair,,,
4608,John Lamont,"Lamont, John",TRUE,Brown,Short,,,
4852,Robert Largan,"Largan, Robert",FALSE,Brown,Short,,,
4025,Mrs Pauline Latham,"Latham, Mrs Pauline",TRUE,Grey,Short,,,
4139,Ian Lavery,"Lavery, Ian",FALSE,Grey,Short,,,
4403,Chris Law,"Law, Chris",FALSE,Brown,Long,Goatee,,
4923,Kim Leadbeater,"Leadbeater, Kim",FALSE,Blonde,Long,,,
4117,Andrea Leadsom,"Leadsom, Andrea",FALSE,Blonde,Short,,,
345,Sir Edward Leigh,"Leigh, Sir Edward",FALSE,Grey,Short,,,
4749,Ian Levy,"Levy, Ian",TRUE,Grey,Short,,,
4277,Mrs Emma Lewell-Buck,"Lewell-Buck, Mrs Emma",FALSE,Blonde,Medium,,,
4659,Andrew Lewer,"Lewer, Andrew",FALSE,Brown,Short,,,
4009,Brandon Lewis,"Lewis, Brandon",FALSE,Grey,Short,,,
4500,Clive Lewis,"Lewis, Clive",FALSE,Brown,Short,,,
54,Dr Julian Lewis,"Lewis, Dr Julian",FALSE,Grey,Short,,,
1396,Mr Ian Liddell-Grainger,"Liddell-Grainger, Mr Ian",FALSE,Grey,Short,,,
4640,David Linden,"Linden, David",TRUE,Brown,Short,,,
450,Tony Lloyd,"Lloyd, Tony",TRUE,Grey,Short,,,
4857,Carla Lockhart,"Lockhart, Carla",FALSE,Blonde,Long,,,
4751,Chris Loder,"Loder, Chris",,,,,,
4815,Mark Logan,"Logan, Mark",FALSE,Blonde,Short,,,
4396,Rebecca Long Bailey,"Long Bailey, Rebecca",FALSE,Blonde,Long,,,
4789,Marco Longhi,"Longhi, Marco",FALSE,No Hair,Short,,,
4647,Julia Lopez,"Lopez, Julia",FALSE,Blonde,Long,,,
3989,Jack Lopresti,"Lopresti, Jack",FALSE,Brown,Short,,,
4090,Mr Jonathan Lord,"Lord, Mr Jonathan",FALSE,Brown,Short,,,
114,Tim Loughton,"Loughton, Tim",FALSE,Grey,Short,,,
3930,Caroline Lucas,"Lucas, Caroline",FALSE,Brown,Short,,,
4472,Holly Lynch,"Lynch, Holly",TRUE,Red,Long,,,
4772,Kenny MacAskill,"MacAskill, Kenny",,,,,,
298,Steve McCabe,"McCabe, Steve",FALSE,Grey,Short,,,
1491,Kerry McCarthy,"McCarthy, Kerry",FALSE,Red,Medium,,,
3953,Jason McCartney,"McCartney, Jason",FALSE,Brown,Short,,,
4028,Karl McCartney,"McCartney, Karl",FALSE,Brown,Short,,,
193,Siobhain McDonagh,"McDonagh, Siobhain",FALSE,Grey,Medium,,,
4269,Andy McDonald,"McDonald, Andy",FALSE,No Hair,Short,Stubble,,
4461,Stewart Malcolm McDonald,"McDonald, Stewart Malcolm",TRUE,Grey,Short,Beard,,
4393,Stuart C McDonald,"McDonald, Stuart C",FALSE,Brown,Short,,,
178,John McDonnell,"McDonnell, John",FALSE,Grey,Short,,,
1587,Pat McFadden,"McFadden, Pat",FALSE,No Hair,No Hair,,,
4458,Conor McGinn,"McGinn, Conor",TRUE,Brown,Short,,,
4083,Alison McGovern,"McGovern, Alison",FALSE,Brown,Long,,,
4529,Craig Mackinlay,"Mackinlay, Craig",FALSE,Grey,Short,,,
4125,Catherine McKinnell,"McKinnell, Catherine",FALSE,Brown,Medium,,,
4758,Cherilyn Mackrory,"Mackrory, Cherilyn",FALSE,Brown,Short,,,
4437,Anne McLaughlin,"McLaughlin, Anne",FALSE,Blonde,Medium,,,
4668,Rachel Maclean,"Maclean, Rachel",TRUE,Blonde,Medium,,,
4569,Jim McMahon,"McMahon, Jim",FALSE,Brown,Short,Stubble,,
4632,Anna McMorrin,"McMorrin, Anna",FALSE,Blonde,Medium,,,
4424,John McNally,"McNally, John",TRUE,Grey,Short,,,
1546,Angus Brendan MacNeil,"MacNeil, Angus Brendan",FALSE,Grey,Short,,,
4093,Stephen McPartland,"McPartland, Stephen",FALSE,Brown,Short,,,
4084,Esther McVey,"McVey, Esther",FALSE,Blonde,Long,,,
4418,Justin Madders,"Madders, Justin",FALSE,Brown,Short,,,
1392,Mr Khalid Mahmood,"Mahmood, Mr Khalid",FALSE,Grey,Short,,,
3914,Shabana Mahmood,"Mahmood, Shabana",FALSE,Black,Long,,,
4484,Alan Mak,"Mak, Alan",FALSE,Black,Short,,,
4253,Seema Malhotra,"Malhotra, Seema",FALSE,Brown,Medium,,,
4495,Kit Malthouse,"Malthouse, Kit",FALSE,Grey,Short,,,
4762,Anthony Mangnall,"Mangnall, Anthony",FALSE,Brown,Short,,,
4496,Scott Mann,"Mann, Scott",FALSE,Brown,Short,,,
4768,Julie Marson,"Marson, Julie",FALSE,Blonde,Long,,,
4471,Rachael Maskell,"Maskell, Rachael",FALSE,Blonde,Long,,,
4245,Paul Maskey,"Maskey, Paul",,,,,,
4408,Christian Matheson,"Matheson, Christian",FALSE,Brown,Short,,,
8,Mrs Theresa May,"May, Mrs Theresa",FALSE,Grey,Short,,,
4739,Jerome Mayhew,"Mayhew, Jerome",FALSE,No Hair,No Hair,,,
3926,Paul Maynard,"Maynard, Paul",TRUE,Grey,Short,,,
4000,Ian Mearns,"Mearns, Ian",TRUE,Brown,Short,,,
3998,Mark Menzies,"Menzies, Mark",FALSE,Grey,Short,,,
4485,Johnny Mercer,"Mercer, Johnny",FALSE,Brown,Short,,,
4442,Huw Merriman,"Merriman, Huw",FALSE,Brown,Short,,,
4092,Stephen Metcalfe,"Metcalfe, Stephen",FALSE,Brown,Short,,,
1510,Edward Miliband,"Miliband, Edward",FALSE,Brown,Short,,,
4746,Robin Millar,"Millar, Robin",FALSE,Brown,Short,,,
1480,Mrs Maria Miller,"Miller, Mrs Maria",FALSE,Red,Medium,,,
4454,Amanda Milling,"Milling, Amanda",FALSE,Blonde,Medium,,,
4136,Nigel Mills,"Mills, Nigel",FALSE,Brown,Short,,,
4811,Navendu Mishra,"Mishra, Navendu",FALSE,Brown,Short,,,
1211,Mr Andrew Mitchell,"Mitchell, Mr Andrew",TRUE,Grey,Short,,,
4804,Mr Gagan Mohindra,"Mohindra, Mr Gagan",FALSE,Bgrey,Short,,,
4274,Francie Molloy,"Molloy, Francie",,,,,,
4443,Carol Monaghan,"Monaghan, Carol",FALSE,Brown,Medium,,,
4669,Damien Moore,"Moore, Damien",FALSE,Brown,Short,Beard,,
4861,Robbie Moore,"Moore, Robbie",FALSE,Red,Short,,,
4656,Layla Moran,"Moran, Layla",TRUE,Brown,Medium,,,
4017,Penny Mordaunt,"Mordaunt, Penny",FALSE,Brown,Long,,,
1548,Jessica Morden,"Morden, Jessica",FALSE,Blonde,Medium,,,
4934,Helen Morgan,"Morgan, Helen",FALSE,Blonde,Medium,,,
4653,Stephen Morgan,"Morgan, Stephen",FALSE,Brown,Short,Goatee,,
4249,Anne Marie Morris,"Morris, Anne Marie",FALSE,Brown,Long,,,
4135,David Morris,"Morris, David",FALSE,Grey,Short,,,
3973,Grahame Morris,"Morris, Grahame",TRUE,No Hair,No Hair,Goatee,,
3992,James Morris,"Morris, James",FALSE,Brown,Short,,,
4759,Joy Morrissey,"Morrissey, Joy",FALSE,Brown,Long,,,
4916,Jill Mortimer,"Mortimer, Jill",FALSE,Grey,Medium,,,
4358,Wendy Morton,"Morton, Wendy",FALSE,Red,Short,,,
4860,Dr Kieran Mullan,"Mullan, Dr Kieran",FALSE,No Hair,No Hair,,,
4867,Holly Mumby-Croft,"Mumby-Croft, Holly",FALSE,Red,Short,,,
1512,David Mundell,"Mundell, David",TRUE,Grey,Short,Stubble,,
3966,Ian Murray,"Murray, Ian",FALSE,Grey,Short,,,
4797,James Murray,"Murray, James",FALSE,Brown,Short,,,
4100,Mrs Sheryll Murray,"Murray, Mrs Sheryll",TRUE,Blonde,Short,,,
1466,Dr Andrew Murrison,"Murrison, Dr Andrew",FALSE,Grey,Short,,,
4082,Lisa Nandy,"Nandy, Lisa",FALSE,Brown,Long,,,
1601,Sir Robert Neill,"Neill, Sir Robert",FALSE,Grey,Short,,,
4420,Gavin Newlands,"Newlands, Gavin",FALSE,Brown,Short,,,
4799,Charlotte Nichols,"Nichols, Charlotte",FALSE,Red,Long,,,
4851,Lia Nici,"Nici, Lia",FALSE,Grey,Short,,,
4415,John Nicolson,"Nicolson, John",FALSE,Grey,Short,,,
4048,Caroline Nokes,"Nokes, Caroline",FALSE,Brown,Long,,,
3991,Jesse Norman,"Norman, Jesse",FALSE,Brown,Short,,,
4641,Alex Norris,"Norris, Alex",TRUE,Brown,Short,,,
4679,Neil O'Brien,"O'Brien, Neil",FALSE,Brown,Short,,,
4006,Dr Matthew Offord,"Offord, Dr Matthew",FALSE,Grey,Short,,,
4371,Brendan O'Hara,"O'Hara, Brendan",TRUE,Grey,Short,,,
4591,Sarah Olney,"Olney, Sarah",FALSE,Brown,Medium,,,
4124,Chi Onwurah,"Onwurah, Chi",FALSE,Black,Medium,,,
4142,Guy Opperman,"Opperman, Guy",FALSE,Black,Short,,,
4820,Abena Oppong-Asare,"Oppong-Asare, Abena",FALSE,Brown,Medium,,,
4515,Kate Osamor,"Osamor, Kate",FALSE,Black,Long,,,
4783,Kate Osborne,"Osborne, Kate",FALSE,Grey,Short,,,
4413,Kirsten Oswald,"Oswald, Kirsten",FALSE,Brown,Medium,,,
4779,Taiwo Owatemi,"Owatemi, Taiwo",FALSE,Black,Long,,,
4777,Sarah Owen,"Owen, Sarah",FALSE,Black,Long,,,
4129,Ian Paisley,"Paisley, Ian",FALSE,Grey,Short,,,
4072,Neil Parish,"Parish, Neil",FALSE,Brown,Short,,,
4066,Priti Patel,"Patel, Priti",FALSE,Brown,Long,,,
4052,Mark Pawsey,"Pawsey, Mark",TRUE,Grey,Short,,,
4607,Stephanie Peacock,"Peacock, Stephanie",FALSE,Brown,Medium,,,
1528,Sir Mike Penning,"Penning, Sir Mike",FALSE,Grey,Short,,,
4520,Matthew Pennycook,"Pennycook, Matthew",FALSE,Brown,Short,,,
1584,John Penrose,"Penrose, John",FALSE,Grey,Short,,,
3939,Andrew Percy,"Percy, Andrew",FALSE,Brown,Short,,,
3952,Mr Toby Perkins,"Perkins, Mr Toby",FALSE,Brown,Short,,,
4370,Jess Phillips,"Phillips, Jess",FALSE,Brown,Medium,,,
4046,Bridget Phillipson,"Phillipson, Bridget",FALSE,Brown,Long,,,
4503,Chris Philp,"Philp, Chris",FALSE,Red,Short,,,
4075,Christopher Pincher,"Pincher, Christopher",FALSE,Brown,Short,Stubble,,
4682,Luke Pollard,"Pollard, Luke",FALSE,Grey,Short,,,
3932,Dr Dan Poulter,"Poulter, Dr Dan",FALSE,Brown,Short,,,
4522,Rebecca Pow,"Pow, Rebecca",FALSE,Blonde,Medium,,,
4263,Lucy Powell,"Powell, Lucy",FALSE,Brown,Medium,,,
4401,Victoria Prentis,"Prentis, Victoria",FALSE,Brown,Medium,,,
1576,Mark Pritchard,"Pritchard, Mark",FALSE,Grey,Short,,,
4369,Tom Pursglove,"Pursglove, Tom",FALSE,Brown,Short,,,
4917,Ms Anum Qaisar,"Qaisar, Ms Anum",FALSE,Black,Long,,,
4507,Jeremy Quin,"Quin, Jeremy",TRUE,Brown,Short,,,
4423,Will Quince,"Quince, Will",FALSE,Grey,Short,,,
3924,Yasmin Qureshi,"Qureshi, Yasmin",FALSE,Black,Long,,,
4007,Dominic Raab,"Raab, Dominic",FALSE,Grey,Short,,,
4845,Tom Randall,"Randall, Tom",TRUE,Brown,Short,,,
4356,Angela Rayner,"Rayner, Angela",FALSE,Blonde,Long,,,
14,John Redwood,"Redwood, John",FALSE,Grey,Short,,,
4268,Steve Reed,"Reed, Steve",FALSE,Grey,Short,,,
4525,Christina Rees,"Rees, Christina",FALSE,Blonde,Medium,,,
4099,Mr Jacob Rees-Mogg,"Rees-Mogg, Mr Jacob",TRUE,Grey,Short,,,
4620,Ellie Reeves,"Reeves, Ellie",FALSE,Blonde,Long,,,
4031,Rachel Reeves,"Reeves, Rachel",FALSE,Brown,Long,,,
4119,Jonathan Reynolds,"Reynolds, Jonathan",FALSE,Grey,Short,Stubble,,
4764,Bell Ribeiro-Addy,"Ribeiro-Addy, Bell",FALSE,Brown,Long,,,
4868,Nicola Richards,"Richards, Nicola",FALSE,Brown,Long,,,
4840,Angela Richardson,"Richardson, Angela",FALSE,Blonde,Short,,,
4457,Ms Marie Rimmer,"Rimmer, Ms Marie",FALSE,Red,Short,,,
4810,Rob Roberts,"Roberts, Rob",FALSE,Grey,Short,,,
253,Mr Laurence Robertson,"Robertson, Mr Laurence",FALSE,Grey,Short,,,
4360,Gavin Robinson,"Robinson, Gavin",TRUE,Grey,Short,,,
4406,Mary Robinson,"Robinson, Mary",FALSE,Blonde,Medium,,,
4654,Matt Rodda,"Rodda, Matt",FALSE,Grey,Short,,,
1447,Andrew Rosindell,"Rosindell, Andrew",TRUE,Grey,Short,,,
4627,Douglas Ross,"Ross, Douglas",FALSE,Brown,Short,,,
4652,Lee Rowley,"Rowley, Lee",FALSE,Brown,Short,,,
4812,Dean Russell,"Russell, Dean",FALSE,Brown,Short,,,
4615,Lloyd Russell-Moyle,"Russell-Moyle, Lloyd",TRUE,Red,Short,Beard,,
4033,David Rutley,"Rutley, David",FALSE,Grey,Short,,,
4760,Gary Sambrook,"Sambrook, Gary",FALSE,Brown,Short,,,
4521,Liz Saville Roberts,"Saville Roberts, Liz",FALSE,Grey,Medium,,,
4863,Selaine Saxby,"Saxby, Selaine",FALSE,Brown,Short,,,
4414,Paul Scully,"Scully, Paul",TRUE,Grey,Short,Beard,,
4681,Bob Seely,"Seely, Bob",FALSE,Grey,Short,,,
1453,Andrew Selous,"Selous, Andrew",FALSE,Grey,Short,,,
4409,Naz Shah,"Shah, Naz",FALSE,Brown,Long,,,
4131,Jim Shannon,"Shannon, Jim",TRUE,Grey,Short,,,
1582,Grant Shapps,"Shapps, Grant",FALSE,Grey,Short,,,
4014,Alok Sharma,"Sharma, Alok",TRUE,Brown,Short,,,
1604,Mr Virendra Sharma,"Sharma, Mr Virendra",TRUE,No Hair,No Hair,,,
411,Mr Barry Sheerman,"Sheerman, Mr Barry",FALSE,Grey,Short,,,
3997,Alec Shelbrooke,"Shelbrooke, Alec",FALSE,Brown,Short,,,
4453,Tommy Sheppard,"Sheppard, Tommy",FALSE,Grey,Short,Beard,,
4518,Tulip Siddiq,"Siddiq, Tulip",FALSE,Brown,Long,,,
4872,David Simmonds,"Simmonds, David",FALSE,Grey,Short,,,
4021,Chris Skidmore,"Skidmore, Chris",FALSE,Grey,Short,,,
1516,Andy Slaughter,"Slaughter, Andy",TRUE,Grey,Short,,,
4738,Alyn Smith,"Smith, Alyn",FALSE,Brown,Short,Stubble,,
4436,Cat Smith,"Smith, Cat",TRUE,Blonde,Long,,,
1609,Chloe Smith,"Smith, Chloe",TRUE,Brown,Short,,,
4778,Greg Smith,"Smith, Greg",FALSE,Brown,Short,,,
3960,Henry Smith,"Smith, Henry",FALSE,Grey,Short,,,
4456,Jeff Smith,"Smith, Jeff",FALSE,Grey,Short,,,
4118,Julian Smith,"Smith, Julian",FALSE,Grey,Short,,,
3928,Nick Smith,"Smith, Nick",FALSE,Grey,Short,,,
4478,Royston Smith,"Smith, Royston",FALSE,Grey,Short,,,
4444,Karin Smyth,"Smyth, Karin",FALSE,Grey,Short,,,
4658,Alex Sobel,"Sobel, Alex",FALSE,Brown,Short,,,
4372,Amanda Solloway,"Solloway, Amanda",FALSE,Grey,Long,,,
318,John Spellar,"Spellar, John",TRUE,Grey,Short,Stubble,,
4785,Dr Ben Spencer,"Spencer, Dr Ben",FALSE,Red,Short,,,
4055,Mark Spencer,"Spencer, Mark",FALSE,Brown,Short,,,
4866,Alexander Stafford,"Stafford, Alexander",TRUE,Brown,Short,Beard,,
4514,Keir Starmer,"Starmer, Keir",FALSE,Grey,Short,,,
4463,Chris Stephens,"Stephens, Chris",FALSE,Brown,Short,,,
4044,Andrew Stephenson,"Stephenson, Andrew",FALSE,Grey,Short,Stubble,,
4425,Jo Stevens,"Stevens, Jo",FALSE,Brown,Medium,,,
4750,Jane Stevenson,"Stevenson, Jane",FALSE,Red,Long,,,
3942,John Stevenson,"Stevenson, John",FALSE,No Hair,No Hair,,,
3919,Bob Stewart,"Stewart, Bob",FALSE,Grey,Short,,,
4015,Iain Stewart,"Stewart, Iain",TRUE,Brown,Short,,,
4612,Jamie Stone,"Stone, Jamie",TRUE,Grey,Short,,,
234,Sir Gary Streeter,"Streeter, Sir Gary",TRUE,Red,Short,,,
4504,Wes Streeting,"Streeting, Wes",FALSE,Brown,Short,,,
3935,Mel Stride,"Stride, Mel",FALSE,Brown,Short,,,
449,Graham Stringer,"Stringer, Graham",FALSE,Grey,Short,,,
1482,Graham Stuart,"Stuart, Graham",FALSE,Grey,Short,,,
4079,Julian Sturdy,"Sturdy, Julian",FALSE,Brown,Short,,,
4786,Zarah Sultana,"Sultana, Zarah",FALSE,Brown,Medium,,,
4483,Rishi Sunak,"Sunak, Rishi",FALSE,Brown,Short,,,
4767,James Sunderland,"Sunderland, James",FALSE,Grey,Short,Goatee,,
55,Sir Desmond Swayne,"Swayne, Sir Desmond",FALSE,Grey,Short,,,
245,Sir Robert Syms,"Syms, Sir Robert",FALSE,Grey,Short,,,
1383,Mark Tami,"Tami, Mark",TRUE,Grey,Short,,,
4829,Sam Tarry,"Tarry, Sam",FALSE,Blonde,Short,,,
4430,Alison Thewliss,"Thewliss, Alison",FALSE,Brown,Short,,,
4532,Derek Thomas,"Thomas, Derek",FALSE,Brown,Short,,,
177,Gareth Thomas,"Thomas, Gareth",FALSE,Brown,Short,,,
4479,Nick Thomas-Symonds,"Thomas-Symonds, Nick",FALSE,Brown,Short,,,
4482,Owen Thompson,"Thompson, Owen",FALSE,Red,Short,Beard,,
4796,Richard Thomson,"Thomson, Richard",TRUE,Brown,Short,,,
1536,Emily Thornberry,"Thornberry, Emily",FALSE,Blonde,Short,,,
4447,Maggie Throup,"Throup, Maggie",TRUE,Blonde,Medium,,,
163,Stephen Timms,"Timms, Stephen",FALSE,Blonde,Short,,,
1605,Edward Timpson,"Timpson, Edward",FALSE,Brown,Short,,,
4487,Kelly Tolhurst,"Tolhurst, Kelly",FALSE,Brown,Long,,,
4105,Justin Tomlinson,"Tomlinson, Justin",FALSE,Grey,Short,,,
4497,Michael Tomlinson,"Tomlinson, Michael",TRUE,Brown,Short,,,
4509,Craig Tracey,"Tracey, Craig",FALSE,Grey,Short,,,
4531,Anne-Marie Trevelyan,"Trevelyan, Anne-Marie",FALSE,Brown,Medium,,,
410,Jon Trickett,"Trickett, Jon",FALSE,Grey,Short,Goatee,,
4780,Laura Trott,"Trott, Laura",FALSE,Blonde,Long,,,
4097,Elizabeth Truss,"Truss, Elizabeth",FALSE,Blonde,Medium,,,
4462,Tom Tugendhat,"Tugendhat, Tom",FALSE,brown,Short,,,
4030,Karl Turner,"Turner, Karl",TRUE,Brown,Short,,,
429,Derek Twigg,"Twigg, Derek",FALSE,Grey,Short,,,
4618,Liz Twist,"Twist, Liz",FALSE,Grey,Medium,,,
1496,Shailesh Vara,"Vara, Shailesh",FALSE,No Hair,Short,,,
4076,Valerie Vaz,"Vaz, Valerie",FALSE,Brown,Medium,,,
3957,Martin Vickers,"Vickers, Martin",TRUE,Grey,Short,,,
4844,Matt Vickers,"Vickers, Matt",FALSE,Brown,Short,Stubble,,
1500,Theresa Villiers,"Villiers, Theresa",FALSE,Brown,Long,,,
4871,Christian Wakeford,"Wakeford, Christian",FALSE,Brown,Short,Stubble,,
1493,Sir Charles Walker,"Walker, Sir Charles",TRUE,Brown,Short,,,
4091,Mr Robin Walker,"Walker, Mr Robin",FALSE,Brown,Short,,,
1539,Mr Ben Wallace,"Wallace, Mr Ben",FALSE,Brown,Short,,,
4766,Dr Jamie Wallis,"Wallis, Dr Jamie",FALSE,Grey,Short,,,
4526,David Warburton,"Warburton, David",FALSE,Grey,Short,,,
4361,Matt Warman,"Warman, Matt",FALSE,Brown,Short,,,
4677,Giles Watling,"Watling, Giles",FALSE,Grey,Short,Goatee,,
4802,Suzanne Webb,"Webb, Suzanne",FALSE,Black,Medium,,,
4848,Claudia Webbe,"Webbe, Claudia",FALSE,Blonde,Long,,,
4523,Catherine West,"West, Catherine",FALSE,Brown,Medium,,,
4617,Matt Western,"Western, Matt",TRUE,No Hair,No Hair,,,
4527,Helen Whately,"Whately, Helen",FALSE,Blonde,Medium,,,
4053,Mrs Heather Wheeler,"Wheeler, Mrs Heather",FALSE,Grey,Short,,,
62,Dr Alan Whitehead,"Whitehead, Dr Alan",FALSE,Grey,Short,Moustache,,
4385,Dr Philippa Whitford,"Whitford, Dr Philippa",FALSE,Blonde,Medium,,,
4755,Mick Whitley,"Whitley, Mick",FALSE,Grey,Short,Moustache,,
3940,Craig Whittaker,"Whittaker, Craig",TRUE,Grey,Short,,,
39,Mr John Whittingdale,"Whittingdale, Mr John",FALSE,Brown,Short,,,
4869,Nadia Whittome,"Whittome, Nadia",FALSE,Brown,Medium,,,
1428,Sir Bill Wiggin,"Wiggin, Sir Bill",FALSE,Grey,Short,,,
4787,James Wild,"Wild, James",TRUE,Grey,Short,,,
4438,Craig Williams,"Williams, Craig",FALSE,Brown,Short,,,
1397,Hywel Williams,"Williams, Hywel",TRUE,No Hair,No Hair,,,
4108,Gavin Williamson,"Williamson, Gavin",FALSE,Brown,Short,,,
4776,Munira Wilson,"Wilson, Munira",FALSE,Brown,Medium,,,
1593,Sammy Wilson,"Wilson, Sammy",TRUE,Grey,Short,Moustache,,
4809,Beth Winter,"Winter, Beth",FALSE,Blonde,Long,,,
390,Dame Rosie Winterton,"Winterton, Dame Rosie",FALSE,Grey,Medium,,,First Deputy Chairman of Ways and Means
1440,Pete Wishart,"Wishart, Pete",FALSE,Grey,Short,,,
4384,Mike Wood,"Wood, Mike",FALSE,Brown,Short,,,
4429,Mr William Wragg,"Wragg, Mr William",FALSE,Brown,Short,,,
1560,Jeremy Wright,"Wright, Jeremy",TRUE,Grey,Short,,,
4598,Mohammad Yasin,"Yasin, Mohammad",TRUE,Brown,Short,,,
4825,Jacob Young,"Young, Jacob",FALSE,Brown,Short,,,
4113,Nadhim Zahawi,"Zahawi, Nadhim",TRUE,No Hair,Short,Goatee,,
4382,Daniel Zeichner,"Zeichner, Daniel",TRUE,Grey,Short,,,
